common name,latin binomial,measure,mean,standard_dev,variance,N_rs,group_size,source_rs,reference_rs,% of groups,N_freq,source_freq,reference_freq
Seychelles warbler,Acrocephalus_sechellensis,number of offspring produced per group per year,0.32,0.58,0.34,1409,2,"""NROffspringDataset.csv"" file excluding groups with non-helping helpers",Borger. M. J.. Richardson. D. S.. Dugdale. H.. Burke. T. & Komdeur. J. (2023) Testing the environmental buffering hypothesis of cooperative breeding in the Seychelles warbler. Auto Ethologica.,54,229,methods,Brouwer. L.. Richardson. D.S.. Eikenaar. C. & Komdeur. J. (2006) The Role of Group Size and Environmental Factors on Survival in a Cooperatively Breeding Tropical Passerine. Journal of Animal Ecology. 75. 1321-1329.
Seychelles warbler,Acrocephalus_sechellensis,number of offspring produced per group per year,0.73,0.85,0.72,231,3,"""NROffspringDataset.csv"" file excluding groups with non-helping helpers",ibid.,33,142,methods,ibid.
Seychelles warbler,Acrocephalus_sechellensis,number of offspring produced per group per year,0.85,0.93,0.86,110,4,"""NROffspringDataset.csv"" file excluding groups with non-helping helpers",ibid.,10,43,methods,ibid.
Seychelles warbler,Acrocephalus_sechellensis,number of offspring produced per group per year,0.88,0.82,0.67,26,5,"""NROffspringDataset.csv"" file excluding groups with non-helping helpers",ibid.,2,8,methods,ibid.
Seychelles warbler,Acrocephalus_sechellensis,number of offspring produced per group per year,0.5,1.22,1.5,6,6,"""NROffspringDataset.csv"" file excluding groups with non-helping helpers",ibid.,1,3,methods,ibid.
Florida scrub jay,Aphelocoma_coerulescens,mean annual fledgling production,1.4,3.2,10.4,1038,2,Figure 5.3,Fitzpatrick. J. W.. & Bowman. R. (2016). Florida scrub-jays: Oversized territories and group defense in a fire-maintained habitat. In W. D. Koenig & J. L. Dickinson (Eds.). Cooperative Breeding in Vertebrates (pp. 77–96). Cambridge: Cambridge University Press. ,45,243,Figure 8.3,Woolfenden. G. E. & Fitzpatrick. J. W. In Stacey. P. B.. & Koenig. W. D. (1990). Cooperative Breeding in Birds: Long-term studies of ecology and behavior. (P. B. Stacey & W. D. Koenig). Cambridge: Cambridge University Press.
Florida scrub jay,Aphelocoma_coerulescens,mean annual fledgling production,1.7,2.1,4.6,456,3,Figure 5.3,ibid.,29,159,Figure 8.3,ibid.
Florida scrub jay,Aphelocoma_coerulescens,mean annual fledgling production,1.8,1.6,2.6,264,4,Figure 5.3,ibid.,16,90,Figure 8.3,ibid.
Florida scrub jay,Aphelocoma_coerulescens,mean annual fledgling production,2,2.5,6,150,5,Figure 5.3,ibid.,6,34,Figure 8.3,ibid.
Florida scrub jay,Aphelocoma_coerulescens,mean annual fledgling production,2.4,1.4,2,51,6,Figure 5.3,ibid.,3,15,Figure 8.3,ibid.
Florida scrub jay,Aphelocoma_coerulescens,mean annual fledgling production,1,1.5,2.2,24,7,Figure 5.3,ibid.,1,3,Figure 8.3,ibid.
pied kingfisher,Ceryle_rudis,number of fledged young ,1.8,0.6,0.36,14,2,Table 3 (Lake Victoria),Reyer. H. U. (1980). Flexible helper structure as an ecological adaptation in the pied kingfisher (Ceryle rudis rudis L.). Behavioral Ecology and Sociobiology. 6(3). 219–227.,34,14,Table 2,Reyer. H. U. (1980). Flexible helper structure as an ecological adaptation in the pied kingfisher (Ceryle rudis rudis L.). Behavioral Ecology and Sociobiology. 6(3). 219–227.
pied kingfisher,Ceryle_rudis,number of fledged young ,3.6,0.5,0.25,12,3,Table 3 (Lake Victoria),ibid.,46,19,Table 2,ibid.
pied kingfisher,Ceryle_rudis,number of fledged young ,4.7,1,1,6,4,Table 3 (Lake Victoria),ibid.,17,7,Table 2,ibid.
brown treecreeper,Climacteris_picumnus,number of fledglings,0.53,0.79,0.63,63,2,Figure 1,Doerr. E. D.. & Doerr. V. A. J. (2007). Positive effects of helpers on reproductive success in the brown treecreeper and the general importance of future benefits. Journal of Animal Ecology. 76(5). 966–976.,60,60,Figure 1,Doerr. E. D.. & Doerr. V. A. J. (2006). Comparative demography of treecreepers: evaluating hypotheses for the evolution and maintenance of cooperative breeding. Behaviour. 72. 147–159.
brown treecreeper,Climacteris_picumnus,number of fledglings,0.77,0.91,0.83,23,3,Figure 1,ibid.,26,26,Figure 1,ibid.
brown treecreeper,Climacteris_picumnus,number of fledglings,2.34,0.57,0.33,3,4,Figure 1,ibid.,5,5,Figure 1,ibid.
brown treecreeper,Climacteris_picumnus,number of fledglings,2.21,1.27,1.62,5,5,Figure 1,ibid.,5,5,Figure 1,ibid.
brown treecreeper,Climacteris_picumnus,number of fledglings,1.51,0.69,0.48,2,6,Figure 1,ibid.,2,2,Figure 1,ibid.
white-winged chough,Corcorax_melanorhamphos,number of fledglings,0.67,0.58,0.33,3,4,Figure 4 (control groups),Boland. C.. Heinsohn. R.. & Cockburn. A. (1997). Experimental manipulation of brood reduction and parental care in cooperatively breeding white-winged choughs. Journal of Animal Ecology. 66. 683-691.,NA,NA,Figure 1,Rowley. I. (1978) Communal activities among white-winged Choughs Corcorax melanorhamphos. Ibis 120. 178-197.
white-winged chough,Corcorax_melanorhamphos,number of fledglings,2,0,0,2,5,Figure 4 (control groups),ibid.,NA,NA,Figure 1,ibid.
white-winged chough,Corcorax_melanorhamphos,number of fledglings,1.5,0.71,0.5,2,6,Figure 4 (control groups),ibid.,NA,NA,Figure 1,ibid.
white-winged chough,Corcorax_melanorhamphos,number of fledglings,2,0,0,2,8,Figure 4 (control groups),ibid.,NA,NA,Figure 1,ibid.
carrion crow,Corvus_corone,number of fledglings produced per year,0.53,0.89,0.8,162,2,Figure 1,Canestrari. D.. Marcos. J. M.. & Baglione. V. (2008). Reproductive success increases with group size in cooperative carrion crows. Corvus corone corone. Animal Behaviour. 75(2). 403–416.,27,60,Figure 1,Baglione. V.. Marcos. J.M.. & Canestrari. D. (2002) Cooperatively breeding groups of carrion crow (Corvus corone corone) in Northern Spain. Auk 119. 790-799.
carrion crow,Corvus_corone,number of fledglings produced per year,0.63,0.93,0.87,242,3,Figure 1,ibid.,43,96,Figure 1,ibid.
carrion crow,Corvus_corone,number of fledglings produced per year,0.83,1.09,1.18,118,4,Figure 1,ibid.,20,45,Figure 1,ibid.
carrion crow,Corvus_corone,number of fledglings produced per year,0.86,1.06,1.12,66,5,Figure 1,ibid.,5,10,Figure 1,ibid.
azure-winged magpie,Cyanopica_cyanus,number of fledglings per hatched nest,1.59,2.27,5.13,57,2,Figure 1,Valencia. J.. Cruz. C. de L.. & Gonzalez. B. (2003). Flexible helping behaviour in the azure-winged Magpie. Ethology. 109(7). 545–558.,51,56,Table 1,Valencia. J.. Cruz. C. de L.. & Gonzalez. B. (2003). Flexible helping behaviour in the azure-winged Magpie. Ethology. 109(7). 545–558.
azure-winged magpie,Cyanopica_cyanus,number of fledglings per hatched nest,2.21,2.39,5.73,31,3,Figure 1,ibid.,28,31,Table 1,ibid.
azure-winged magpie,Cyanopica_cyanus,number of fledglings per hatched nest,3.92,2.45,6.02,11,4,Figure 1,ibid.,11,12,Table 1,ibid.
azure-winged magpie,Cyanopica_cyanus,number of fledglings per hatched nest,4.16,2.89,8.33,11,5,Figure 1,ibid.,4,4,Table 1,ibid.
laughing kookaburra,Dacelo_novaeguineae,fledging success (the number of nestlings present on the final nest visit),1.15,1.09,1.18,46,2,Figure 2c,Legge. S. (2000). The effect of helpers on reproductive success in the laughing kookaburra. Journal of Animal Ecology 69. 714-724.,34,44,Figure 1,Legge. S. & Cockburn. A. (2000) Social and mating system of cooperatively breeding laughing kookaburras (Dacelo novaeguineae). Behav Ecol Sociobiol. 47: 220–229.
laughing kookaburra,Dacelo_novaeguineae,fledging success (the number of nestlings present on the final nest visit),1.4,1.06,1.12,28,3,Figure 2c,ibid.,22,29,Figure 1,ibid.
laughing kookaburra,Dacelo_novaeguineae,fledging success (the number of nestlings present on the final nest visit),1.69,1.08,1.16,29,4,Figure 2c,ibid.,22,29,Figure 1,ibid.
laughing kookaburra,Dacelo_novaeguineae,fledging success (the number of nestlings present on the final nest visit),1.68,1.09,1.18,15,5,Figure 2c,ibid.,12,15,Figure 1,ibid.
laughing kookaburra,Dacelo_novaeguineae,fledging success (the number of nestlings present on the final nest visit),1.87,1.44,2.08,8,6,Figure 2c,ibid.,6,8,Figure 1,ibid.
laughing kookaburra,Dacelo_novaeguineae,fledging success (the number of nestlings present on the final nest visit),0.43,0.47,0.22,5,7,Figure 2c,ibid.,3,4,Figure 1,ibid.
White-breasted Robin,Eopsaltria_georgiana,number of fledglings / year,2.26,1.31,1.78,58,2,Table 6,Russell. E. M.. Brown. T. L. R. J.. & Brown. M. N. (2004). Life history of the white-breasted robin. Eopsaltria georgiana (Petroicidae). in south-western Australia. Australian Journal of Zoology. 52(2). 111–35.,30,76,Table 1,Russell. E. M.. Brown. T. L. R. J.. & Brown. M. N. (2004). Life history of the white-breasted robin. Eopsaltria georgiana (Petroicidae). in south-western Australia. Australian Journal of Zoology. 52(2). 111–35.
White-breasted Robin,Eopsaltria_georgiana,number of fledglings / year,2.83,1.39,1.95,88,3,Table 6,ibid.,41,105,Table 1,ibid.
White-breasted Robin,Eopsaltria_georgiana,number of fledglings / year,3.18,1.24,1.6,66,4,Table 6,ibid.,18,46,Table 1,ibid.
karoo scrub-robin,Erythropygia_coryphaeus,number of fledged young through the breeding season,0.71,1.12,1.26,298,2,"""KARO annual fecundity for Philip Downing"" .xlsx file ",LLoyd. pers. comm.,85,363,results,Lloyd. P.. Andrew Taylor. W.. Plessis. du. M. A.. & Martin. T. E. (2009). Females increase reproductive investment in response to helper-mediated improvements in allo-feeding. nest survival. nestling provisioning and post-fledging survival in the Karoo scrub-robin Cercotrichas coryphaeus. Journal of Avian Biology. 40(4). 400–411.
karoo scrub-robin,Erythropygia_coryphaeus,number of fledged young through the breeding season,1.53,1.47,2.17,49,3,"""KARO annual fecundity for Philip Downing"" .xlsx file ",ibid.,13,54,results,ibid.
karoo scrub-robin,Erythropygia_coryphaeus,number of fledged young through the breeding season,2,1.77,3.14,8,4,"""KARO annual fecundity for Philip Downing"" .xlsx file ",ibid.,2,9,results,ibid.
superb fairy-wren,Malurus_cyaneus,number of fledglings,2.5,5.8,33.6,841,2,Figure 3c,Brouwer. L.. Cockburn. A.. & van de Pol . M. (2020). Integrating fitness components reveals that survival costs outweigh other benefits and costs of group living in two closely related species. The American Naturalist. 195(2). 201–215.,61,841,Figure 3a,Brouwer. L.. Cockburn. A.. & van de Pol . M. (2020). Integrating fitness components reveals that survival costs outweigh other benefits and costs of group living in two closely related species. The American Naturalist. 195(2). 201–215.
superb fairy-wren,Malurus_cyaneus,number of fledglings,3,5.5,30.5,339,3,Figure 3c,ibid.,25,339,Figure 3a,ibid.
superb fairy-wren,Malurus_cyaneus,number of fledglings,3.2,3.7,13.6,151,4,Figure 3c,ibid.,11,151,Figure 3a,ibid.
superb fairy-wren,Malurus_cyaneus,number of fledglings,2.4,2.4,5.6,35,5,Figure 3c,ibid.,3,35,Figure 3a,ibid.
superb fairy-wren,Malurus_cyaneus,number of fledglings,3.8,2.3,5.4,11,6,Figure 3c,ibid.,1,11,Figure 3a,ibid.
red-winged fairy-wren,Malurus_elegans,number of fledglings,1.21,2.61,7.26,168,2,"Table 11, Figure 3d","Russell. E. & Rowley. I. (2000) Demography and social organisation of the red-winged fairy-wren. Malurus elegans. Australian Journal of Zoology. 48. 161–200, Brouwer. L.. Cockburn. A.. & van de Pol . M. (2020). Integrating fitness components reveals that survival costs outweigh other benefits and costs of group living in two closely related species. The American Naturalist. 195(2). 201–215.",21,203,"Table 1, Figure 3b","Russell. E. & Rowley. I. (2000) Demography and social organisation of the red-winged fairy-wren. Malurus elegans. Australian Journal of Zoology. 48. 161–200, Brouwer. L.. Cockburn. A.. & van de Pol . M. (2020). Integrating fitness components reveals that survival costs outweigh other benefits and costs of group living in two closely related species. The American Naturalist. 195(2). 201–215. "
red-winged fairy-wren,Malurus_elegans,number of fledglings,1.35,2.66,7.72,217,3,"Table 11, Figure 3d",ibid.,27,260,"Table 1, Figure 3b",ibid.
red-winged fairy-wren,Malurus_elegans,number of fledglings,1.59,2.39,6.16,226,4,"Table 11, Figure 3d",ibid.,25,240,"Table 1, Figure 3b",ibid.
red-winged fairy-wren,Malurus_elegans,number of fledglings,0.83,1.4,2,70,5,"Table 11, Figure 3d",ibid.,16,154,"Table 1, Figure 3b",ibid.
red-winged fairy-wren,Malurus_elegans,number of fledglings,0.92,1.4,2.1,39,6,"Table 11, Figure 3d",ibid.,7,72,"Table 1, Figure 3b",ibid.
white-fronted bee-eater,Merops_bullockoides,number of fledged young,0.45,0.78,0.6,94,2,Figure 1,Emlen. S. T.. & Wrege. P. H. (1991). Breeding biology of white-fronted bee-eaters at Nakuru: the influence of helpers on breeder fitness. The Journal of Animal Ecology. 60. 1: 309-326,50,308,Figure 16.6,Emlen. S. T. In Stacey. P. B.. & Koenig. W. D. (1990). Cooperative Breeding in Birds: Long-term studies of ecology and behavior. (P. B. Stacey & W. D. Koenig). Cambridge: Cambridge University Press.
white-fronted bee-eater,Merops_bullockoides,number of fledged young,1.11,0.69,0.48,59,3,Figure 1,ibid.,30,186,Figure 16.6,ibid.
white-fronted bee-eater,Merops_bullockoides,number of fledged young,1.4,0.69,0.47,24,4,Figure 1,ibid.,14,83,Figure 16.6,ibid.
white-fronted bee-eater,Merops_bullockoides,number of fledged young,1.87,0.69,0.48,9,5,Figure 1,ibid.,4,27,Figure 16.6,ibid.
Hoatzin,Opisthocomus_hoazin,annual fledgling number [presumed],0.32,0.81,0.65,260,2,Figure 5.7,Strahl. S. D.. & Schmitz. A. In Stacey. P. B.. & Koenig. W. D. (1990). Cooperative Breeding in Birds: Long-term studies of ecology and behavior. (P. B. Stacey & W. D. Koenig). Cambridge: Cambridge University Press.,41,149,Figure 2,Strahl. S. D. (1988) The social organization and behaviour of the Hoatzin Opisthocomus hoazin in central Venezuela. Ibis. 130: 483-502.
Hoatzin,Opisthocomus_hoazin,annual fledgling number [presumed],0.69,0.98,0.96,171,3,Figure 5.7,ibid.,29,106,Figure 2,ibid.
Hoatzin,Opisthocomus_hoazin,annual fledgling number [presumed],0.9,1.26,1.6,71,4,Figure 5.7,ibid.,14,51,Figure 2,ibid.
Hoatzin,Opisthocomus_hoazin,annual fledgling number [presumed],1.13,1.07,1.16,59,5,Figure 5.7,ibid.,11,40,Figure 2,ibid.
Hoatzin,Opisthocomus_hoazin,annual fledgling number [presumed],1.19,1,0.99,29,6,Figure 5.7,ibid.,4,15,Figure 2,ibid.
sociable weaver,Philetairus_socius,number of fledglings,0.91,1.56,1.34,132,2,"Figure 4a, ""Nesting_Climate_Clutch_GroupSize.csv"" file. considering natural colonies only","Covas. R.. Plessis. du. M. A.. & Doutrelant. C. (2008). Helpers in colonial cooperatively breeding sociable weavers Philetairus socius contribute to buffer the effects of adverse breeding conditions. Behavioral Ecology and Sociobiology. 63(1). 103–112, D'Amelio et al. (2022) Disentangling climatic and nest predator impact on reproductive output reveals adverse high-temperature effects regardless of helper number in an arid-region cooperative bird. Ecology Letters. 25. 151-162.",28,103,Figure S1,D'Amelio et al. (2022) Disentangling climatic and nest predator impact on reproductive output reveals adverse high-temperature effects regardless of helper number in an arid-region cooperative bird. Ecology Letters. 25. 151-162.
sociable weaver,Philetairus_socius,number of fledglings,1.18,1.29,1.68,120,3,"Figure 4a, ""Nesting_Climate_Clutch_GroupSize.csv"" file. considering natural colonies only",ibid.,27,97,Figure S1,ibid.
sociable weaver,Philetairus_socius,number of fledglings,1.45,1.28,1.63,101,4,"Figure 4a, ""Nesting_Climate_Clutch_GroupSize.csv"" file. considering natural colonies only",ibid.,25,89,Figure S1,ibid.
sociable weaver,Philetairus_socius,number of fledglings,1.42,1.27,1.61,57,5,"Figure 4a, ""Nesting_Climate_Clutch_GroupSize.csv"" file. considering natural colonies only",ibid.,14,51,Figure S1,ibid.
sociable weaver,Philetairus_socius,number of fledglings,1.14,1.31,1.73,21,6,"Figure 4a, ""Nesting_Climate_Clutch_GroupSize.csv"" file. considering natural colonies only",ibid.,5,18,Figure S1,ibid.
sociable weaver,Philetairus_socius,number of fledglings,2.5,1,1,4,7,"Figure 4a, ""Nesting_Climate_Clutch_GroupSize.csv"" file. considering natural colonies only",ibid.,1,4,Figure S1,ibid.
green woodhoopoe,Phoeniculus_purpureus,number of young fledged,1,1.73,3,3,2,Figures 14-16 (pooled data),Ligon. J. D.. & S. Ligon. 1978. The communal social system of the green woodhoopoe in Kenya. Living Bird 17:159-197.,5,6,Figure 3,Ligon. J. D.. & S. Ligon. 1978. The communal social system of the green woodhoopoe in Kenya. Living Bird 17:159-197.
green woodhoopoe,Phoeniculus_purpureus,number of young fledged,1.67,1.87,3.5,9,3,Figures 14-16 (pooled data),ibid.,16,21,Figure 3,ibid.
green woodhoopoe,Phoeniculus_purpureus,number of young fledged,1.75,1.58,2.5,8,4,Figures 14-16 (pooled data),ibid.,12,16,Figure 3,ibid.
green woodhoopoe,Phoeniculus_purpureus,number of young fledged,1.53,1.64,2.7,15,5,Figures 14-16 (pooled data),ibid.,21,27,Figure 3,ibid.
green woodhoopoe,Phoeniculus_purpureus,number of young fledged,1.77,1.09,1.19,13,6,Figures 14-16 (pooled data),ibid.,17,22,Figure 3,ibid.
green woodhoopoe,Phoeniculus_purpureus,number of young fledged,3,2.58,6.67,4,7,Figures 14-16 (pooled data),ibid.,9,11,Figure 3,ibid.
green woodhoopoe,Phoeniculus_purpureus,number of young fledged,2.29,1.25,1.57,7,8,Figures 14-16 (pooled data),ibid.,11,14,Figure 3,ibid.
green woodhoopoe,Phoeniculus_purpureus,number of young fledged,3,3.46,12,3,9,Figures 14-16 (pooled data),ibid.,6,8,Figure 3,ibid.
placid greenbul,Phyllastrephus_placidus,total number of fledged young / breeding female / breeding season,1.16,0.99,1,84,2,"""PG_data_Downing"" .xlsx file ",Cousseau. pers. comm.,33,21,Figure 3.1,Van de Loock. D. (2019) Life-history strategies of a facultative cooperative breeder in a fragmented Afrotropical cloud forest. PhD Thesis. Ghent University and the University of Antwerp.
placid greenbul,Phyllastrephus_placidus,total number of fledged young / breeding female / breeding season,1.19,1.03,1.1,108,3,"""PG_data_Downing"" .xlsx file ",ibid.,35,22,Figure 3.1,ibid.
placid greenbul,Phyllastrephus_placidus,total number of fledged young / breeding female / breeding season,1.53,0.84,0.76,57,4,"""PG_data_Downing"" .xlsx file ",ibid.,21,13,Figure 3.1,ibid.
placid greenbul,Phyllastrephus_placidus,total number of fledged young / breeding female / breeding season,1.4,NA,NA,15,5,"""PG_data_Downing"" .xlsx file ",ibid.,6,4,Figure 3.1,ibid.
placid greenbul,Phyllastrephus_placidus,total number of fledged young / breeding female / breeding season,1.75,NA,NA,8,6,"""PG_data_Downing"" .xlsx file ",ibid.,3,2,Figure 3.1,ibid.
placid greenbul,Phyllastrephus_placidus,total number of fledged young / breeding female / breeding season,1.5,0.71,0.5,2,7,"""PG_data_Downing"" .xlsx file ",ibid.,2,1,Figure 3.1,ibid.
red-cockaded woodpecker,Picoides_borealis,number of fledglings / year,1.22,1.26,1.59,4846,2,Figure 4.4,Walters. J. R.. & Garcia. V. (2016). Red-cockaded woodpeckers: Alternative pathways to breeding success. In W. D. Koenig & J. L. Dickinson (Eds.). Cooperative Breeding in Vertebrates (pp. 58–76). Cambridge: Cambridge University Press.,53,4842,Table 4.2,Walters. J. R.. & Garcia. V. (2016). Red-cockaded woodpeckers: Alternative pathways to breeding success. In W. D. Koenig & J. L. Dickinson (Eds.). Cooperative Breeding in Vertebrates (pp. 58–76). Cambridge: Cambridge University Press.
red-cockaded woodpecker,Picoides_borealis,number of fledglings / year,1.83,1.42,2.04,2982,3,Figure 4.4,ibid.,33,2991,Table 4.2,ibid.
red-cockaded woodpecker,Picoides_borealis,number of fledglings / year,2.21,1.3,1.7,1008,4,Figure 4.4,ibid.,11,1006,Table 4.2,ibid.
red-cockaded woodpecker,Picoides_borealis,number of fledglings / year,2.08,1.25,1.57,258,5,Figure 4.4,ibid.,3,253,Table 4.2,ibid.
white-browed sparrow weaver,Plocepasser_mahali,number of fledglings,1.53,1.16,1.35,59,2,"Table 2, calculated from Supplementary file '3 - Bivariate models - RAW DATA.csv'","Lewis. D. M. (1981). Determinants of reproductive success of the white-browed sparrow weaver. Plocepasser mahali. Behavioral Ecology and Sociobiology. 9(2). 83–93, Capilla-Lasheras. P.. X. Harrison. E. M. Wood. A. J. Wilson. A. J. Young. Altruistic bet-hedging and the evolution of cooperation in a Kalahari bird. Sci. Adv. 7. eabe8980 (2021).",19,59,"Table 2, calculated from Supplementary file '3 - Bivariate models - RAW DATA.csv'","Lewis. D. M. (1981). Determinants of reproductive success of the white-browed sparrow weaver. Plocepasser mahali. Behavioral Ecology and Sociobiology. 9(2). 83–93, Capilla-Lasheras. P.. X. Harrison. E. M. Wood. A. J. Wilson. A. J. Young. Altruistic bet-hedging and the evolution of cooperation in a Kalahari bird. Sci. Adv. 7. eabe8980 (2021)."
white-browed sparrow weaver,Plocepasser_mahali,number of fledglings,1.5,1.22,1.47,66,3,"Table 2, calculated from Supplementary file '3 - Bivariate models - RAW DATA.csv'",ibid.,21,66,"Table 2, calculated from Supplementary file '3 - Bivariate models - RAW DATA.csv'",ibid.
white-browed sparrow weaver,Plocepasser_mahali,number of fledglings,1.13,1.13,1.33,55,4,"Table 2, calculated from Supplementary file '3 - Bivariate models - RAW DATA.csv'",ibid.,18,55,"Table 2, calculated from Supplementary file '3 - Bivariate models - RAW DATA.csv'",ibid.
white-browed sparrow weaver,Plocepasser_mahali,number of fledglings,1.54,1.16,1.38,47,5,"Table 2, calculated from Supplementary file '3 - Bivariate models - RAW DATA.csv'",ibid.,15,47,"Table 2, calculated from Supplementary file '3 - Bivariate models - RAW DATA.csv'",ibid.
white-browed sparrow weaver,Plocepasser_mahali,number of fledglings,1.51,1.35,1.85,43,6,"Table 2, calculated from Supplementary file '3 - Bivariate models - RAW DATA.csv'",ibid.,14,43,"Table 2, calculated from Supplementary file '3 - Bivariate models - RAW DATA.csv'",ibid.
white-browed sparrow weaver,Plocepasser_mahali,number of fledglings,1.6,1.16,1.42,25,7,"Table 2, calculated from Supplementary file '3 - Bivariate models - RAW DATA.csv'",ibid.,8,25,"Table 2, calculated from Supplementary file '3 - Bivariate models - RAW DATA.csv'",ibid.
white-browed sparrow weaver,Plocepasser_mahali,number of fledglings,1.16,1.48,2.74,10,8,"Table 2, calculated from Supplementary file '3 - Bivariate models - RAW DATA.csv'",ibid.,3,10,"Table 2, calculated from Supplementary file '3 - Bivariate models - RAW DATA.csv'",ibid.
white-browed sparrow weaver,Plocepasser_mahali,number of fledglings,1.75,2.22,4.92,4,9,"Table 2, calculated from Supplementary file '3 - Bivariate models - RAW DATA.csv'",ibid.,1,4,"Table 2, calculated from Supplementary file '3 - Bivariate models - RAW DATA.csv'",ibid.
chestnut-crowned babbler,Pomatostomus_ruficeps,total annual production of fledglings per breeding female,1.43,1.56,2.42,14,2,supplementary data,Browning. L. E.. Patrick. S. C.. Rollins. L. A.. Griffith. S. C.. & Russell. A. F. (2012). Kin selection. not group augmentation. predicts helping in an obligate cooperatively breeding bird. Proceedings of the Royal Society B: Biological Sciences. 279(1743). 3861–3869.,NA,NA,NA,NA
chestnut-crowned babbler,Pomatostomus_ruficeps,total annual production of fledglings per breeding female,2.09,1.81,3.29,11,3,supplementary data,ibid.,NA,NA,NA,NA
chestnut-crowned babbler,Pomatostomus_ruficeps,total annual production of fledglings per breeding female,2.71,1.44,2.07,14,4,supplementary data,ibid.,NA,NA,NA,NA
chestnut-crowned babbler,Pomatostomus_ruficeps,total annual production of fledglings per breeding female,2.91,2.05,4.19,21,5,supplementary data,ibid.,NA,NA,NA,NA
chestnut-crowned babbler,Pomatostomus_ruficeps,total annual production of fledglings per breeding female,2.6,1.35,1.82,10,6,supplementary data,ibid.,NA,NA,NA,NA
chestnut-crowned babbler,Pomatostomus_ruficeps,total annual production of fledglings per breeding female,4.29,1.86,3.47,17,7,supplementary data,ibid.,NA,NA,NA,NA
chestnut-crowned babbler,Pomatostomus_ruficeps,total annual production of fledglings per breeding female,3.8,1.48,2.18,10,8,supplementary data,ibid.,NA,NA,NA,NA
chestnut-crowned babbler,Pomatostomus_ruficeps,total annual production of fledglings per breeding female,3.75,1.28,1.64,8,9,supplementary data,ibid.,NA,NA,NA,NA
chestnut-crowned babbler,Pomatostomus_ruficeps,total annual production of fledglings per breeding female,3.89,2.37,5.61,9,10,supplementary data,ibid.,NA,NA,NA,NA
chestnut-crowned babbler,Pomatostomus_ruficeps,total annual production of fledglings per breeding female,4.8,1.79,3.2,5,12,supplementary data,ibid.,NA,NA,NA,NA
chestnut-crowned babbler,Pomatostomus_ruficeps,total annual production of fledglings per breeding female,4.33,1.53,2.33,3,13,supplementary data,ibid.,NA,NA,NA,NA
chestnut-crowned babbler,Pomatostomus_ruficeps,total annual production of fledglings per breeding female,4.5,0.71,0.5,2,15,supplementary data,ibid.,NA,NA,NA,NA
grey-crowned babbler,Pomatostomus_temporalis,number of fledglings,0.18,0.31,0.36,11,2,"""RS babbler&vanga"" .xlsx file ",Eguchi. pers. comm.,13,10,Figure 1,Eguchi. K.. Yamaguchi. N.. Ueda. K.. Nagata. H.. Takagi. M. & Nose. R. (2007) Social structure and helping behaviour of the Grey-crowned Babbler Pomatostomus temporalis. J Ornithol 148: S203–S210.
grey-crowned babbler,Pomatostomus_temporalis,number of fledglings,0.52,0.76,0.81,21,3,"""RS babbler&vanga"" .xlsx file ",ibid.,24,18,Figure 1,ibid.
grey-crowned babbler,Pomatostomus_temporalis,number of fledglings,0.72,0.59,0.47,18,4,"""RS babbler&vanga"" .xlsx file ",ibid.,25,19,Figure 1,ibid.
grey-crowned babbler,Pomatostomus_temporalis,number of fledglings,0.9,0.96,0.98,21,5,"""RS babbler&vanga"" .xlsx file ",ibid.,15,11,Figure 1,ibid.
Tibetan ground tit,Pseudopodoces_humilis,number of fledglings,4.14,2.04,4.16,58,2,supplementary data (Tianjun County),Zhao. Q. et al. (2019) Egg investment in response to helper presence in cooperatively breeding Tibetan ground tits. Journal of Avian Biology e02075.,63,NA,methods,Zhao. Q. et al. (2019) Egg investment in response to helper presence in cooperatively breeding Tibetan ground tits. Journal of Avian Biology e02075.
Tibetan ground tit,Pseudopodoces_humilis,number of fledglings,4.66,2.25,5.07,32,3,supplementary data (Tianjun County),ibid.,31,NA,methods,ibid.
Tibetan ground tit,Pseudopodoces_humilis,number of fledglings,5,0,0,2,4,supplementary data (Tianjun County),ibid.,5,NA,methods,ibid.
Tibetan ground tit,Pseudopodoces_humilis,number of fledglings,5,1.41,2,2,5,supplementary data (Tianjun County),ibid.,1,NA,methods,ibid.
rufous vanga,Schetba_rufa,number of fledglings / year,0.67,0.74,0.98,57,2,"""RS babbler&vanga"" .xlsx file ",Eguchi. pers. comm.,63,158,,Asai. .S. Yamagishi. S. & Eguchi. K. (2001) History of group composition of the Rufous Vanga Schetba rufa at Ampijoroa in Northwestern Madagascar. Mem. Fac. Sci. Kyoto Uni. 17: 33-40.
rufous vanga,Schetba_rufa,number of fledglings / year,1.68,1.48,2.26,25,3,"""RS babbler&vanga"" .xlsx file ",ibid.,16,39,,ibid.
rufous vanga,Schetba_rufa,number of fledglings / year,0.7,1.07,1.54,10,4,"""RS babbler&vanga"" .xlsx file ",ibid.,16,41,,ibid.
rufous vanga,Schetba_rufa,number of fledglings / year,2.25,1.77,3.25,4,5,"""RS babbler&vanga"" .xlsx file ",ibid.,5,13,,ibid.
toucan barbet,Semnornis_ramphastinus,number of fledglings / year,0.5,0.59,0.35,11,2,"results text: data from two breeding attempts also reported, combined here by summing mean number produced. taking a weighted average of the SD and using first attempt n (since second attempts likely from pairs measured in the first attempt so not independent)",Restrepo. C.. & Mondragón. M. L. (1998). Cooperative breeding in the frugivorous Toucan Barbet (Semnornis ramphastinus). The Auk. 115. 4-15.,NA,NA,NA,NA
toucan barbet,Semnornis_ramphastinus,number of fledglings / year,2.5,0.48,0.23,5,3,"results text: data from two breeding attempts also reported, combined here by summing mean number produced. taking a weighted average of the SD and using first attempt n (since second attempts likely from pairs measured in the first attempt so not independent)",ibid.,NA,NA,NA,NA
toucan barbet,Semnornis_ramphastinus,number of fledglings / year,1.7,0.3,0.09,3,4,"results text: data from two breeding attempts also reported, combined here by summing mean number produced. taking a weighted average of the SD and using first attempt n (since second attempts likely from pairs measured in the first attempt so not independent)",ibid.,NA,NA,NA,NA
Pygmy Nuthatch,Sitta_pygmaea,fledgling production per year,4.48,2.17,4.69,85,2,Figure 2,Sydeman. W. J.. Güntert. M.. & Balda. R. P. (1988). Annual reproductive yield in the cooperative Pygmy Nuthatch (Sitta pygmaea). The Auk. 70–77.,NA,NA,NA,NA
Pygmy Nuthatch,Sitta_pygmaea,fledgling production per year,5.21,2.08,4.33,41,3,Figure 2,ibid.,NA,NA,NA,NA
Pygmy Nuthatch,Sitta_pygmaea,fledgling production per year,5.3,1.76,3.08,10,4,Figure 2,ibid.,NA,NA,NA,NA
Pygmy Nuthatch,Sitta_pygmaea,fledgling production per year,5.4,1.92,3.7,5,5,Figure 2,ibid.,NA,NA,NA,NA
apostlebird,Struthidea_cinerea,number of fledglings / season,1,0,0,2,3,Figure 7,Woxvold. I. A. (2004). Breeding ecology and group dynamics of the apostlebird. Australian Journal of Zoology. 52(6). 561-581.,7,4,Figure 1,Woxvold. I. A. (2004). Breeding ecology and group dynamics of the apostlebird. Australian Journal of Zoology. 52(6). 561-581.
apostlebird,Struthidea_cinerea,number of fledglings / season,2,0.82,0.67,4,4,Figure 7,ibid.,13,8,Figure 1,ibid.
apostlebird,Struthidea_cinerea,number of fledglings / season,3.83,1.17,1.37,6,5,Figure 7,ibid.,13,8,Figure 1,ibid.
apostlebird,Struthidea_cinerea,number of fledglings / season,4.25,1.75,3.07,8,6,Figure 7,ibid.,20,12,Figure 1,ibid.
apostlebird,Struthidea_cinerea,number of fledglings / season,4,2.83,8,2,7,Figure 7,ibid.,7,4,Figure 1,ibid.
apostlebird,Struthidea_cinerea,number of fledglings / season,4.67,2.52,6.33,3,8,Figure 7,ibid.,11,7,Figure 1,ibid.
apostlebird,Struthidea_cinerea,number of fledglings / season,4.5,0.71,0.5,2,9,Figure 7,ibid.,5,3,Figure 1,ibid.
apostlebird,Struthidea_cinerea,number of fledglings / season,6,1,1,3,10,Figure 7,ibid.,5,3,Figure 1,ibid.
apostlebird,Struthidea_cinerea,number of fledglings / season,5.5,2.12,4.5,2,12,Figure 7,ibid.,5,3,Figure 1,ibid.
apostlebird,Struthidea_cinerea,number of fledglings / season,8,1.41,2,2,15,Figure 7,ibid.,3,2,Figure 1,ibid.
apostlebird,Struthidea_cinerea,number of fledglings / season,5.5,2.12,4.5,2,17,Figure 7,ibid.,3,2,Figure 1,ibid.